<Anims>
 <anim name="idle" root="hit_marks" numframes="1000" framerate="40">
  <frame idx="0" w="6755" h="6471" x="-659.633362" y="-572.495239">
   <element name="symbol0" layername="hit_marks" frame="0" z_index="1" m_a="2.481720" m_b="0.000000" m_c="0.000000" m_d="2.405210" m_tx="-2910.903809" m_ty="-2760.503418"/>
  </frame>
  <frame idx="25" w="4295" h="8147" x="-426.534241" y="-741.757690">
   <element name="symbol0" layername="hit_marks" frame="0" z_index="1" m_a="2.305718" m_b="0.745751" m_c="-0.727745" m_d="2.250047" m_tx="-1857.954834" m_ty="-3459.992920"/>
  </frame>
  <frame idx="50" w="1514" h="8956" x="-159.824753" y="-828.344360">
   <element name="symbol0" layername="hit_marks" frame="0" z_index="1" m_a="1.916987" m_b="1.384921" m_c="-1.361198" m_d="1.884150" m_tx="-663.588928" m_ty="-3788.970459"/>
  </frame>
  <frame idx="75" w="1305" h="8852" x="-1190.457764" y="-826.825012">
   <element name="symbol0" layername="hit_marks" frame="0" z_index="1" m_a="1.363245" m_b="1.860536" m_c="-1.842379" m_d="1.349940" m_tx="548.556396" m_ty="-3729.505371"/>
  </frame>
  <frame idx="100" w="3877" h="7880" x="-3509.676758" y="-740.533569">
   <element name="symbol0" layername="hit_marks" frame="0" z_index="1" m_a="0.706182" m_b="2.134326" m_c="-2.130044" m_d="0.704765" m_tx="1657.801270" m_ty="-3303.062500"/>
  </frame>
  <frame idx="125" w="5957" h="6173" x="-5383.198242" y="-581.535767">
   <element name="symbol0" layername="hit_marks" frame="0" z_index="1" m_a="0.014703" m_b="2.189669" m_c="-2.203159" m_d="0.014793" m_tx="2558.430664" m_ty="-2566.896240"/>
  </frame>
  <frame idx="150" w="7361" h="3932" x="-6644.553223" y="-369.472076">
   <element name="symbol0" layername="hit_marks" frame="0" z_index="1" m_a="-0.642260" m_b="2.032245" m_c="-2.062271" m_d="-0.651749" m_tx="3169.762451" m_ty="-1606.954102"/>
  </frame>
  <frame idx="175" w="7979" h="1400" x="-7194.046875" y="-126.797234">
   <element name="symbol0" layername="hit_marks" frame="0" z_index="1" m_a="-1.202613" m_b="1.688405" m_c="-1.728715" m_d="-1.231325" m_tx="3443.330811" m_ty="-528.126770"/>
  </frame>
  <frame idx="200" w="7703" h="1004" x="-6937.414063" y="-896.956848">
   <element name="symbol0" layername="hit_marks" frame="0" z_index="1" m_a="-1.579293" m_b="1.214162" m_c="-1.250793" m_d="-1.626940" m_tx="3332.539307" m_ty="490.847015"/>
  </frame>
  <frame idx="225" w="6670" h="2726" x="-5998.039551" y="-2449.533203">
   <element name="symbol0" layername="hit_marks" frame="0" z_index="1" m_a="-1.706442" m_b="0.723587" m_c="-0.743772" m_d="-1.754045" m_tx="2893.588135" m_ty="1217.194458"/>
  </frame>
  <frame idx="250" w="5318" h="4016" x="-4772.902832" y="-3610.308838">
   <element name="symbol0" layername="hit_marks" frame="0" z_index="1" m_a="-1.696544" m_b="0.250642" m_c="-0.256973" m_d="-1.739391" m_tx="2316.459229" m_ty="1758.079346"/>
  </frame>
  <frame idx="275" w="3795" h="4824" x="-3394.831299" y="-4336.194336">
   <element name="symbol0" layername="hit_marks" frame="0" z_index="1" m_a="-1.567267" m_b="-0.169448" m_c="0.173201" m_d="-1.601983" m_tx="1664.280762" m_ty="2094.028076"/>
  </frame>
  <frame idx="300" w="2249" h="5151" x="-1996.966675" y="-4626.732910">
   <element name="symbol0" layername="hit_marks" frame="0" z_index="1" m_a="-1.344619" m_b="-0.509304" m_c="0.518699" m_d="-1.369424" m_tx="1000.315002" m_ty="2224.803711"/>
  </frame>
  <frame idx="325" w="813" h="5034" x="-700.924011" y="-4517.052246">
   <element name="symbol0" layername="hit_marks" frame="0" z_index="1" m_a="-1.060135" m_b="-0.751169" m_c="0.761651" m_d="-1.074928" m_tx="382.517426" m_ty="2168.041260"/>
  </frame>
  <frame idx="350" w="403" h="4552" x="-7.906002" y="-4077.014160">
   <element name="symbol0" layername="hit_marks" frame="0" z_index="1" m_a="-0.747737" m_b="-0.887793" m_c="0.895240" m_d="-0.754010" m_tx="-141.174088" m_ty="1956.438843"/>
  </frame>
  <frame idx="375" w="1316" h="3803" x="-98.708733" y="-3398.102295">
   <element name="symbol0" layername="hit_marks" frame="0" z_index="1" m_a="-0.440553" m_b="-0.922357" m_c="0.923569" m_d="-0.441132" m_tx="-536.448792" m_ty="1633.782593"/>
  </frame>
  <frame idx="400" w="1616" h="3459" x="-128.893814" y="-3086.249268">
   <element name="symbol0" layername="hit_marks" frame="0" z_index="1" m_a="-0.321589" m_b="-0.914679" m_c="0.914679" m_d="-0.321589" m_tx="-666.457336" m_ty="1485.866943"/>
  </frame>
  <frame idx="425" w="1808" h="3201" x="-148.339310" y="-2852.003662">
   <element name="symbol0" layername="hit_marks" frame="0" z_index="1" m_a="-0.238635" m_b="-0.902311" m_c="0.902311" m_d="-0.238635" m_tx="-749.947754" m_ty="1374.919678"/>
  </frame>
  <frame idx="450" w="1969" h="2932" x="-164.901733" y="-2609.298828">
   <element name="symbol0" layername="hit_marks" frame="0" z_index="1" m_a="-0.159738" m_b="-0.882766" m_c="0.882766" m_d="-0.159738" m_tx="-820.315430" m_ty="1260.218506"/>
  </frame>
  <frame idx="475" w="2099" h="2658" x="-178.069504" y="-2361.273926">
   <element name="symbol0" layername="hit_marks" frame="0" z_index="1" m_a="-0.085496" m_b="-0.856614" m_c="0.856614" m_d="-0.085496" m_tx="-877.516968" m_ty="1143.131470"/>
  </frame>
  <frame idx="500" w="2200" h="2381" x="-188.835358" y="-2111.033691">
   <element name="symbol0" layername="hit_marks" frame="0" z_index="1" m_a="-0.016443" m_b="-0.824474" m_c="0.824474" m_d="-0.016443" m_tx="-921.642700" m_ty="1025.007446"/>
  </frame>
  <frame idx="525" w="2271" h="2105" x="-196.696274" y="-1861.125000">
   <element name="symbol0" layername="hit_marks" frame="0" z_index="1" m_a="0.046958" m_b="-0.787006" m_c="0.787006" m_d="0.046958" m_tx="-952.911682" m_ty="907.164307"/>
  </frame>
  <frame idx="550" w="2313" h="1832" x="-201.653564" y="-1614.512573">
   <element name="symbol0" layername="hit_marks" frame="0" z_index="1" m_a="0.104315" m_b="-0.744905" m_c="0.744905" m_d="0.104315" m_tx="-971.669373" m_ty="790.876282"/>
  </frame>
  <frame idx="575" w="2326" h="1565" x="-203.712601" y="-1373.058472">
   <element name="symbol0" layername="hit_marks" frame="0" z_index="1" m_a="0.155310" m_b="-0.698893" m_c="0.698893" m_d="0.155310" m_tx="-978.379395" m_ty="677.363403"/>
  </frame>
  <frame idx="600" w="2313" h="1307" x="-203.382919" y="-1140.000488">
   <element name="symbol0" layername="hit_marks" frame="0" z_index="1" m_a="0.199703" m_b="-0.649711" m_c="0.649711" m_d="0.199703" m_tx="-973.618835" m_ty="567.780273"/>
  </frame>
  <frame idx="625" w="2274" h="1061" x="-200.177750" y="-917.431763">
   <element name="symbol0" layername="hit_marks" frame="0" z_index="1" m_a="0.237330" m_b="-0.598113" m_c="0.598113" m_d="0.237330" m_tx="-958.069946" m_ty="463.205811"/>
  </frame>
  <frame idx="650" w="2213" h="829" x="-195.114090" y="-707.784485">
   <element name="symbol0" layername="hit_marks" frame="0" z_index="1" m_a="0.268105" m_b="-0.544856" m_c="0.544856" m_d="0.268105" m_tx="-932.511780" m_ty="364.634552"/>
  </frame>
  <frame idx="675" w="2132" h="611" x="-188.212341" y="-511.811920">
   <element name="symbol0" layername="hit_marks" frame="0" z_index="1" m_a="0.292019" m_b="-0.490696" m_c="0.490696" m_d="0.292019" m_tx="-897.810913" m_ty="272.967590"/>
  </frame>
  <frame idx="700" w="2030" h="412" x="-178.996140" y="-332.575165">
   <element name="symbol0" layername="hit_marks" frame="0" z_index="1" m_a="0.309139" m_b="-0.436378" m_c="0.436378" m_d="0.309139" m_tx="-854.911926" m_ty="189.005920"/>
  </frame>
  <frame idx="725" w="1912" h="233" x="-167.991943" y="-170.929047">
   <element name="symbol0" layername="hit_marks" frame="0" z_index="1" m_a="0.319606" m_b="-0.382629" m_c="0.382629" m_d="0.319606" m_tx="-804.826172" m_ty="113.442955"/>
  </frame>
  <frame idx="750" w="1780" h="75" x="-155.728897" y="-28.513363">
   <element name="symbol0" layername="hit_marks" frame="0" z_index="1" m_a="0.323633" m_b="-0.330152" m_c="0.330152" m_d="0.323633" m_tx="-748.621216" m_ty="46.860218"/>
  </frame>
  <frame idx="775" w="1637" h="64" x="-142.238327" y="31.720039">
   <element name="symbol0" layername="hit_marks" frame="0" z_index="1" m_a="0.321503" m_b="-0.279617" m_c="0.279617" m_d="0.321503" m_tx="-687.408875" m_ty="-10.278111"/>
  </frame>
  <frame idx="800" w="1485" h="177" x="-128.053528" y="20.249920">
   <element name="symbol0" layername="hit_marks" frame="0" z_index="1" m_a="0.313562" m_b="-0.231659" m_c="0.231659" m_d="0.313562" m_tx="-622.334167" m_ty="-57.627132"/>
  </frame>
  <frame idx="825" w="1326" h="267" x="-112.709381" y="11.073307">
   <element name="symbol0" layername="hit_marks" frame="0" z_index="1" m_a="0.300216" m_b="-0.186867" m_c="0.186867" m_d="0.300216" m_tx="-554.562500" m_ty="-94.964516"/>
  </frame>
  <frame idx="850" w="1166" h="333" x="-97.741890" y="4.202099">
   <element name="symbol0" layername="hit_marks" frame="0" z_index="1" m_a="0.281931" m_b="-0.145782" m_c="0.145782" m_d="0.281931" m_tx="-485.267914" m_ty="-122.190735"/>
  </frame>
  <frame idx="875" w="1003" h="375" x="-82.187950" y="-0.355679">
   <element name="symbol0" layername="hit_marks" frame="0" z_index="1" m_a="0.259218" m_b="-0.108889" m_c="0.108889" m_d="0.259218" m_tx="-415.620667" m_ty="-139.328995"/>
  </frame>
  <frame idx="900" w="843" h="394" x="-66.584740" y="-2.595915">
   <element name="symbol0" layername="hit_marks" frame="0" z_index="1" m_a="0.232636" m_b="-0.076615" m_c="0.076615" m_d="0.232636" m_tx="-346.775818" m_ty="-146.523804"/>
  </frame>
  <frame idx="925" w="687" h="391" x="-51.469650" y="-3.018440">
   <element name="symbol0" layername="hit_marks" frame="0" z_index="1" m_a="0.202783" m_b="-0.049326" m_c="0.049326" m_d="0.202783" m_tx="-279.860748" m_ty="-144.038620"/>
  </frame>
  <frame idx="950" w="539" h="364" x="-36.879547" y="-0.626970">
   <element name="symbol0" layername="hit_marks" frame="0" z_index="1" m_a="0.170286" m_b="-0.027319" m_c="0.027319" m_d="0.170286" m_tx="-215.963898" m_ty="-132.252045"/>
  </frame>
  <frame idx="975" w="400" h="317" x="-23.350653" y="3.570932">
   <element name="symbol0" layername="hit_marks" frame="0" z_index="1" m_a="0.135801" m_b="-0.010824" m_c="0.010824" m_d="0.135801" m_tx="-156.123657" m_ty="-111.653175"/>
  </frame>
 </anim>
</Anims>
